params,mean_test_score,std_test_score,rank_test_score
"{'subsample': 0.9, 'reg_lambda': 10, 'reg_alpha': 0.5, 'n_estimators': 900, 'max_depth': 11, 'learning_rate': 0.05, 'colsample_bytree': 0.9}",0.7785249371384906,0.10313369062776426,30
"{'subsample': 0.8, 'reg_lambda': 10, 'reg_alpha': 1, 'n_estimators': 500, 'max_depth': 9, 'learning_rate': 0.05, 'colsample_bytree': 0.9}",0.7610111530246423,0.1019066062941569,71
"{'subsample': 0.9, 'reg_lambda': 10, 'reg_alpha': 0.5, 'n_estimators': 500, 'max_depth': 9, 'learning_rate': 0.08, 'colsample_bytree': 0.9}",0.7728561605059143,0.09870050105422437,51
"{'subsample': 0.8, 'reg_lambda': 1, 'reg_alpha': 0, 'n_estimators': 500, 'max_depth': 9, 'learning_rate': 0.03, 'colsample_bytree': 0.9}",0.7646050559135964,0.09753276807942708,66
"{'subsample': 0.8, 'reg_lambda': 1, 'reg_alpha': 0.5, 'n_estimators': 900, 'max_depth': 11, 'learning_rate': 0.03, 'colsample_bytree': 0.8}",0.782283694385913,0.09986557540647603,12
"{'subsample': 0.7, 'reg_lambda': 1, 'reg_alpha': 0, 'n_estimators': 700, 'max_depth': 9, 'learning_rate': 0.05, 'colsample_bytree': 0.8}",0.7836960975117175,0.09147805287893943,8
"{'subsample': 0.9, 'reg_lambda': 5, 'reg_alpha': 0, 'n_estimators': 500, 'max_depth': 10, 'learning_rate': 0.05, 'colsample_bytree': 0.9}",0.774705098481665,0.0976455001226183,43
"{'subsample': 0.8, 'reg_lambda': 5, 'reg_alpha': 0, 'n_estimators': 700, 'max_depth': 11, 'learning_rate': 0.05, 'colsample_bytree': 0.8}",0.7819063510916358,0.09583870922251699,14
"{'subsample': 0.9, 'reg_lambda': 1, 'reg_alpha': 0, 'n_estimators': 700, 'max_depth': 10, 'learning_rate': 0.08, 'colsample_bytree': 0.9}",0.785654981152,0.09387457668806835,3
"{'subsample': 0.9, 'reg_lambda': 10, 'reg_alpha': 0, 'n_estimators': 900, 'max_depth': 11, 'learning_rate': 0.03, 'colsample_bytree': 0.8}",0.7758141466156359,0.09891663246470044,39
"{'subsample': 0.8, 'reg_lambda': 10, 'reg_alpha': 0.5, 'n_estimators': 700, 'max_depth': 8, 'learning_rate': 0.05, 'colsample_bytree': 0.8}",0.7656208373085993,0.09878491602845764,64
"{'subsample': 0.7, 'reg_lambda': 10, 'reg_alpha': 0.5, 'n_estimators': 900, 'max_depth': 11, 'learning_rate': 0.05, 'colsample_bytree': 0.9}",0.7795669223256244,0.10058540609633122,24
"{'subsample': 0.9, 'reg_lambda': 10, 'reg_alpha': 1, 'n_estimators': 700, 'max_depth': 10, 'learning_rate': 0.05, 'colsample_bytree': 0.9}",0.7748656415722934,0.10308177057168744,42
"{'subsample': 0.9, 'reg_lambda': 10, 'reg_alpha': 0, 'n_estimators': 900, 'max_depth': 9, 'learning_rate': 0.08, 'colsample_bytree': 0.9}",0.7823060668687141,0.09867395643402374,11
"{'subsample': 0.9, 'reg_lambda': 10, 'reg_alpha': 1, 'n_estimators': 700, 'max_depth': 9, 'learning_rate': 0.03, 'colsample_bytree': 0.9}",0.7573905052551891,0.1059099574841831,75
"{'subsample': 0.7, 'reg_lambda': 5, 'reg_alpha': 0, 'n_estimators': 700, 'max_depth': 9, 'learning_rate': 0.08, 'colsample_bytree': 0.9}",0.7871088352109428,0.08985992541284431,2
"{'subsample': 0.7, 'reg_lambda': 10, 'reg_alpha': 0.5, 'n_estimators': 900, 'max_depth': 8, 'learning_rate': 0.03, 'colsample_bytree': 0.8}",0.7592196685464863,0.10111714196105615,73
"{'subsample': 0.9, 'reg_lambda': 1, 'reg_alpha': 0.5, 'n_estimators': 900, 'max_depth': 11, 'learning_rate': 0.05, 'colsample_bytree': 0.9}",0.7834375669718878,0.09958067450652075,9
"{'subsample': 0.7, 'reg_lambda': 10, 'reg_alpha': 0, 'n_estimators': 700, 'max_depth': 9, 'learning_rate': 0.05, 'colsample_bytree': 0.8}",0.7751306234287098,0.09362946358853542,41
"{'subsample': 0.7, 'reg_lambda': 1, 'reg_alpha': 0, 'n_estimators': 900, 'max_depth': 9, 'learning_rate': 0.03, 'colsample_bytree': 0.8}",0.7808123820409106,0.09093121879842489,17
"{'subsample': 0.7, 'reg_lambda': 10, 'reg_alpha': 0.5, 'n_estimators': 900, 'max_depth': 10, 'learning_rate': 0.05, 'colsample_bytree': 0.8}",0.7797070855505183,0.09874930089070942,22
"{'subsample': 0.7, 'reg_lambda': 1, 'reg_alpha': 1, 'n_estimators': 500, 'max_depth': 9, 'learning_rate': 0.03, 'colsample_bytree': 0.8}",0.7556628010250245,0.10080761295198212,76
"{'subsample': 0.7, 'reg_lambda': 1, 'reg_alpha': 0, 'n_estimators': 500, 'max_depth': 9, 'learning_rate': 0.03, 'colsample_bytree': 0.9}",0.7680196371213206,0.09379810359650188,59
"{'subsample': 0.8, 'reg_lambda': 5, 'reg_alpha': 0.5, 'n_estimators': 700, 'max_depth': 9, 'learning_rate': 0.05, 'colsample_bytree': 0.9}",0.7761764328903343,0.09598093673486464,37
"{'subsample': 0.8, 'reg_lambda': 10, 'reg_alpha': 0, 'n_estimators': 500, 'max_depth': 9, 'learning_rate': 0.08, 'colsample_bytree': 0.8}",0.7739604098604472,0.09610541563996199,48
"{'subsample': 0.7, 'reg_lambda': 5, 'reg_alpha': 1, 'n_estimators': 900, 'max_depth': 9, 'learning_rate': 0.05, 'colsample_bytree': 0.9}",0.7788037764811686,0.10029937954869107,28
"{'subsample': 0.8, 'reg_lambda': 5, 'reg_alpha': 0, 'n_estimators': 500, 'max_depth': 11, 'learning_rate': 0.03, 'colsample_bytree': 0.8}",0.767090213688927,0.10188515854221189,60
"{'subsample': 0.7, 'reg_lambda': 1, 'reg_alpha': 0, 'n_estimators': 700, 'max_depth': 8, 'learning_rate': 0.05, 'colsample_bytree': 0.8}",0.7788036154341477,0.09038351842665154,29
"{'subsample': 0.9, 'reg_lambda': 5, 'reg_alpha': 1, 'n_estimators': 900, 'max_depth': 11, 'learning_rate': 0.03, 'colsample_bytree': 0.9}",0.7742051010232893,0.10887584341289476,47
"{'subsample': 0.9, 'reg_lambda': 1, 'reg_alpha': 0, 'n_estimators': 900, 'max_depth': 8, 'learning_rate': 0.03, 'colsample_bytree': 0.8}",0.7708109784078537,0.09492992527260617,56
"{'subsample': 0.9, 'reg_lambda': 1, 'reg_alpha': 1, 'n_estimators': 500, 'max_depth': 10, 'learning_rate': 0.08, 'colsample_bytree': 0.9}",0.7767346219687192,0.10227605100530177,36
"{'subsample': 0.9, 'reg_lambda': 1, 'reg_alpha': 0.5, 'n_estimators': 900, 'max_depth': 9, 'learning_rate': 0.05, 'colsample_bytree': 0.9}",0.7803596944609347,0.09655638288502723,19
"{'subsample': 0.8, 'reg_lambda': 10, 'reg_alpha': 1, 'n_estimators': 900, 'max_depth': 9, 'learning_rate': 0.08, 'colsample_bytree': 0.9}",0.7789612335878725,0.10052963220084041,27
"{'subsample': 0.7, 'reg_lambda': 1, 'reg_alpha': 0.5, 'n_estimators': 500, 'max_depth': 8, 'learning_rate': 0.08, 'colsample_bytree': 0.9}",0.7804191873771472,0.09096529774937735,18
"{'subsample': 0.8, 'reg_lambda': 10, 'reg_alpha': 0.5, 'n_estimators': 500, 'max_depth': 11, 'learning_rate': 0.08, 'colsample_bytree': 0.8}",0.7795809283162642,0.10077279128202639,23
"{'subsample': 0.8, 'reg_lambda': 10, 'reg_alpha': 0, 'n_estimators': 900, 'max_depth': 8, 'learning_rate': 0.03, 'colsample_bytree': 0.9}",0.760545430266129,0.09915035330634071,72
"{'subsample': 0.7, 'reg_lambda': 5, 'reg_alpha': 0, 'n_estimators': 700, 'max_depth': 9, 'learning_rate': 0.03, 'colsample_bytree': 0.8}",0.765709661517082,0.0981272036608316,63
"{'subsample': 0.8, 'reg_lambda': 5, 'reg_alpha': 0, 'n_estimators': 500, 'max_depth': 10, 'learning_rate': 0.03, 'colsample_bytree': 0.9}",0.7650464974271045,0.09822496416183486,65
"{'subsample': 0.9, 'reg_lambda': 1, 'reg_alpha': 0.5, 'n_estimators': 700, 'max_depth': 9, 'learning_rate': 0.08, 'colsample_bytree': 0.8}",0.7810795244699149,0.09684272951767256,16
"{'subsample': 0.8, 'reg_lambda': 5, 'reg_alpha': 0, 'n_estimators': 700, 'max_depth': 10, 'learning_rate': 0.03, 'colsample_bytree': 0.9}",0.7742418380218723,0.09841196941451696,46
"{'subsample': 0.7, 'reg_lambda': 1, 'reg_alpha': 0, 'n_estimators': 900, 'max_depth': 10, 'learning_rate': 0.05, 'colsample_bytree': 0.9}",0.7872214411976899,0.09141943583149828,1
"{'subsample': 0.9, 'reg_lambda': 10, 'reg_alpha': 0.5, 'n_estimators': 700, 'max_depth': 8, 'learning_rate': 0.05, 'colsample_bytree': 0.9}",0.7658055804242687,0.09895877572060931,61
"{'subsample': 0.8, 'reg_lambda': 10, 'reg_alpha': 0.5, 'n_estimators': 900, 'max_depth': 8, 'learning_rate': 0.03, 'colsample_bytree': 0.8}",0.7589824017829916,0.10097348079310928,74
"{'subsample': 0.9, 'reg_lambda': 10, 'reg_alpha': 0.5, 'n_estimators': 500, 'max_depth': 11, 'learning_rate': 0.08, 'colsample_bytree': 0.9}",0.7770200195685002,0.10527575798195786,35
"{'subsample': 0.9, 'reg_lambda': 10, 'reg_alpha': 1, 'n_estimators': 500, 'max_depth': 9, 'learning_rate': 0.03, 'colsample_bytree': 0.9}",0.7438770870306923,0.10765727216276955,79
"{'subsample': 0.8, 'reg_lambda': 1, 'reg_alpha': 0.5, 'n_estimators': 900, 'max_depth': 9, 'learning_rate': 0.08, 'colsample_bytree': 0.9}",0.7851710538670125,0.09658696936972753,4
"{'subsample': 0.9, 'reg_lambda': 5, 'reg_alpha': 1, 'n_estimators': 700, 'max_depth': 10, 'learning_rate': 0.08, 'colsample_bytree': 0.9}",0.7776801248875791,0.1021754722973387,32
"{'subsample': 0.8, 'reg_lambda': 1, 'reg_alpha': 0.5, 'n_estimators': 700, 'max_depth': 11, 'learning_rate': 0.03, 'colsample_bytree': 0.9}",0.7800644246382658,0.09747880204999909,21
"{'subsample': 0.9, 'reg_lambda': 1, 'reg_alpha': 0, 'n_estimators': 900, 'max_depth': 9, 'learning_rate': 0.05, 'colsample_bytree': 0.9}",0.7844151546980346,0.09406116688574269,6
"{'subsample': 0.7, 'reg_lambda': 10, 'reg_alpha': 0, 'n_estimators': 700, 'max_depth': 10, 'learning_rate': 0.05, 'colsample_bytree': 0.9}",0.7791170742302153,0.09484572865133306,26
"{'subsample': 0.7, 'reg_lambda': 5, 'reg_alpha': 1, 'n_estimators': 900, 'max_depth': 8, 'learning_rate': 0.03, 'colsample_bytree': 0.9}",0.7641586505747856,0.0999518822224439,67
"{'subsample': 0.9, 'reg_lambda': 5, 'reg_alpha': 0, 'n_estimators': 700, 'max_depth': 8, 'learning_rate': 0.08, 'colsample_bytree': 0.8}",0.7755251938995249,0.09735717543991468,40
"{'subsample': 0.7, 'reg_lambda': 1, 'reg_alpha': 1, 'n_estimators': 500, 'max_depth': 11, 'learning_rate': 0.03, 'colsample_bytree': 0.9}",0.7704822652955646,0.10314832130124331,57
"{'subsample': 0.8, 'reg_lambda': 5, 'reg_alpha': 0.5, 'n_estimators': 900, 'max_depth': 9, 'learning_rate': 0.03, 'colsample_bytree': 0.9}",0.7744236440948533,0.09647920695805087,45
"{'subsample': 0.7, 'reg_lambda': 5, 'reg_alpha': 1, 'n_estimators': 700, 'max_depth': 10, 'learning_rate': 0.03, 'colsample_bytree': 0.8}",0.7641298763856367,0.10491871051258586,68
"{'subsample': 0.9, 'reg_lambda': 10, 'reg_alpha': 1, 'n_estimators': 900, 'max_depth': 9, 'learning_rate': 0.05, 'colsample_bytree': 0.8}",0.7738086067538719,0.10107940951523005,49
"{'subsample': 0.7, 'reg_lambda': 10, 'reg_alpha': 0, 'n_estimators': 500, 'max_depth': 9, 'learning_rate': 0.05, 'colsample_bytree': 0.8}",0.7657453358356721,0.09744194108318058,62
"{'subsample': 0.7, 'reg_lambda': 10, 'reg_alpha': 0.5, 'n_estimators': 700, 'max_depth': 11, 'learning_rate': 0.05, 'colsample_bytree': 0.8}",0.7785023279602441,0.0990645857695659,31
"{'subsample': 0.8, 'reg_lambda': 5, 'reg_alpha': 0.5, 'n_estimators': 700, 'max_depth': 10, 'learning_rate': 0.05, 'colsample_bytree': 0.8}",0.7793059798412323,0.10046400276003145,25
"{'subsample': 0.7, 'reg_lambda': 10, 'reg_alpha': 1, 'n_estimators': 900, 'max_depth': 8, 'learning_rate': 0.05, 'colsample_bytree': 0.9}",0.7714203652337923,0.09783098196236174,52
"{'subsample': 0.9, 'reg_lambda': 5, 'reg_alpha': 0.5, 'n_estimators': 900, 'max_depth': 11, 'learning_rate': 0.08, 'colsample_bytree': 0.9}",0.783231093183532,0.10018388911484906,10
"{'subsample': 0.8, 'reg_lambda': 1, 'reg_alpha': 0.5, 'n_estimators': 900, 'max_depth': 11, 'learning_rate': 0.05, 'colsample_bytree': 0.9}",0.7846539349058205,0.09798893714721987,5
"{'subsample': 0.7, 'reg_lambda': 5, 'reg_alpha': 0.5, 'n_estimators': 700, 'max_depth': 10, 'learning_rate': 0.03, 'colsample_bytree': 0.9}",0.7709968110530383,0.10257355291164129,53
"{'subsample': 0.8, 'reg_lambda': 1, 'reg_alpha': 0.5, 'n_estimators': 500, 'max_depth': 11, 'learning_rate': 0.05, 'colsample_bytree': 0.9}",0.7821217733774362,0.09802766054601884,13
"{'subsample': 0.9, 'reg_lambda': 5, 'reg_alpha': 0, 'n_estimators': 900, 'max_depth': 8, 'learning_rate': 0.08, 'colsample_bytree': 0.8}",0.7800687205085155,0.09448025595777605,20
"{'subsample': 0.7, 'reg_lambda': 5, 'reg_alpha': 0.5, 'n_estimators': 900, 'max_depth': 10, 'learning_rate': 0.05, 'colsample_bytree': 0.8}",0.781530988461724,0.09485188078463723,15
"{'subsample': 0.9, 'reg_lambda': 1, 'reg_alpha': 1, 'n_estimators': 500, 'max_depth': 8, 'learning_rate': 0.05, 'colsample_bytree': 0.8}",0.7640864967144787,0.10031683148540878,69
"{'subsample': 0.8, 'reg_lambda': 10, 'reg_alpha': 0, 'n_estimators': 700, 'max_depth': 8, 'learning_rate': 0.03, 'colsample_bytree': 0.9}",0.7511547471583775,0.10325505775424108,77
"{'subsample': 0.7, 'reg_lambda': 10, 'reg_alpha': 0.5, 'n_estimators': 500, 'max_depth': 8, 'learning_rate': 0.03, 'colsample_bytree': 0.9}",0.7356332158516901,0.10675847534620088,80
"{'subsample': 0.8, 'reg_lambda': 1, 'reg_alpha': 0.5, 'n_estimators': 500, 'max_depth': 8, 'learning_rate': 0.08, 'colsample_bytree': 0.9}",0.7774501573088248,0.09542383215870699,33
"{'subsample': 0.7, 'reg_lambda': 10, 'reg_alpha': 0.5, 'n_estimators': 500, 'max_depth': 10, 'learning_rate': 0.05, 'colsample_bytree': 0.9}",0.7689845097303079,0.10142894696302575,58
"{'subsample': 0.9, 'reg_lambda': 10, 'reg_alpha': 1, 'n_estimators': 700, 'max_depth': 11, 'learning_rate': 0.05, 'colsample_bytree': 0.9}",0.7761570394323912,0.10627954064381513,38
"{'subsample': 0.7, 'reg_lambda': 5, 'reg_alpha': 1, 'n_estimators': 500, 'max_depth': 11, 'learning_rate': 0.08, 'colsample_bytree': 0.9}",0.7772083563576125,0.10134182010292879,34
"{'subsample': 0.7, 'reg_lambda': 5, 'reg_alpha': 0.5, 'n_estimators': 700, 'max_depth': 9, 'learning_rate': 0.03, 'colsample_bytree': 0.8}",0.7619165303856448,0.10017793147260291,70
"{'subsample': 0.9, 'reg_lambda': 1, 'reg_alpha': 1, 'n_estimators': 500, 'max_depth': 11, 'learning_rate': 0.03, 'colsample_bytree': 0.9}",0.7709858236245907,0.10325773518266204,54
"{'subsample': 0.7, 'reg_lambda': 10, 'reg_alpha': 0, 'n_estimators': 500, 'max_depth': 10, 'learning_rate': 0.05, 'colsample_bytree': 0.9}",0.7736726177069501,0.09552451611964587,50
"{'subsample': 0.8, 'reg_lambda': 5, 'reg_alpha': 0.5, 'n_estimators': 900, 'max_depth': 9, 'learning_rate': 0.08, 'colsample_bytree': 0.9}",0.7844042572183381,0.0923416541894983,7
"{'subsample': 0.7, 'reg_lambda': 10, 'reg_alpha': 0.5, 'n_estimators': 500, 'max_depth': 9, 'learning_rate': 0.03, 'colsample_bytree': 0.9}",0.747218370831162,0.10488969878165656,78
"{'subsample': 0.9, 'reg_lambda': 5, 'reg_alpha': 1, 'n_estimators': 900, 'max_depth': 10, 'learning_rate': 0.03, 'colsample_bytree': 0.8}",0.7708409507787177,0.1025221682022013,55
"{'subsample': 0.9, 'reg_lambda': 10, 'reg_alpha': 0.5, 'n_estimators': 500, 'max_depth': 9, 'learning_rate': 0.08, 'colsample_bytree': 0.8}",0.7745662697408244,0.10030208265962202,44
